http://vivo.brown.edu/individual/asalisbu,1
http://vivo.brown.edu/individual/crosepet,1
http://vivo.brown.edu/individual/yh70,1
http://vivo.brown.edu/individual/sallen,1
http://vivo.brown.edu/individual/amatoso,1
http://vivo.brown.edu/individual/lbrownmd,1
http://vivo.brown.edu/individual/jf32,1
http://vivo.brown.edu/individual/ewalsh,1
http://vivo.brown.edu/individual/jlomas,1
http://vivo.brown.edu/individual/blechner,1
http://vivo.brown.edu/individual/wrakowsk,1
http://vivo.brown.edu/individual/ck39,1
http://vivo.brown.edu/individual/arana,1
http://vivo.brown.edu/individual/egartman,1
http://vivo.brown.edu/individual/ch273,1
http://vivo.brown.edu/individual/ml117,1
http://vivo.brown.edu/individual/rkantor,1
http://vivo.brown.edu/individual/gbourjei,1
http://vivo.brown.edu/individual/tpearlst,1
http://vivo.brown.edu/individual/trogo,1
http://vivo.brown.edu/individual/zjwu,1
http://vivo.brown.edu/individual/mviglian,1
http://vivo.brown.edu/individual/iwilson,1
http://vivo.brown.edu/individual/nwardmd,1
http://vivo.brown.edu/individual/aehsan,1
http://vivo.brown.edu/individual/dhbarker,1
http://vivo.brown.edu/individual/tl7,1
http://vivo.brown.edu/individual/ddore,1
http://vivo.brown.edu/individual/jarrighi,1
http://vivo.brown.edu/individual/dkielmd,1
http://vivo.brown.edu/individual/hxu,1
http://vivo.brown.edu/individual/jwandsmd,1
http://vivo.brown.edu/individual/foverlym,1
http://vivo.brown.edu/individual/wcwu,1
http://vivo.brown.edu/individual/zderdak,1
http://vivo.brown.edu/individual/malqadi,1
http://vivo.brown.edu/individual/ceatonmd,1
http://vivo.brown.edu/individual/mli1,1
http://vivo.brown.edu/individual/mbublitz,1
http://vivo.brown.edu/individual/mcarskad,1
http://vivo.brown.edu/individual/klaplant,1
http://vivo.brown.edu/individual/anunn,1
http://vivo.brown.edu/individual/lbrossay,1
http://vivo.brown.edu/individual/arsalomo,1
http://vivo.brown.edu/individual/aayalaph,1
http://vivo.brown.edu/individual/ttrikali,1
http://vivo.brown.edu/individual/dmartin,1
http://vivo.brown.edu/individual/wcao,1
http://vivo.brown.edu/individual/abusch,1
http://vivo.brown.edu/individual/jusanche,1
http://vivo.brown.edu/individual/srounds,1
http://vivo.brown.edu/individual/aharriso,1
http://vivo.brown.edu/individual/pgruppus,1
http://vivo.brown.edu/individual/jrichmph,1
http://vivo.brown.edu/individual/emylonak,1
http://vivo.brown.edu/individual/mkimmd,1
http://vivo.brown.edu/individual/ckahlerm,1
http://vivo.brown.edu/individual/bgenberg,1
http://vivo.brown.edu/individual/qilu,1
http://vivo.brown.edu/individual/esalmoir,1
http://vivo.brown.edu/individual/gchoudha,1
http://vivo.brown.edu/individual/eamiller,1
http://vivo.brown.edu/individual/mvezerid,1
http://vivo.brown.edu/individual/jhogansc,1
http://vivo.brown.edu/individual/jpadbury,1
http://vivo.brown.edu/individual/mlevymd,1
http://vivo.brown.edu/individual/ejcarter,1
http://vivo.brown.edu/individual/mlallymd,1
http://vivo.brown.edu/individual/mlurieph,1
http://vivo.brown.edu/individual/lbgoldbe,1
http://vivo.brown.edu/individual/smcgarve,1
http://vivo.brown.edu/individual/chart,1
http://vivo.brown.edu/individual/ccunha,1
http://vivo.brown.edu/individual/agardner,1
http://vivo.brown.edu/individual/jreichne,1
http://vivo.brown.edu/individual/sl83,1
http://vivo.brown.edu/individual/jffriedm,1
http://vivo.brown.edu/individual/mfabre,1
http://vivo.brown.edu/individual/ltaylorm,1
http://vivo.brown.edu/individual/mhe,1
http://vivo.brown.edu/individual/llagasse,1
http://vivo.brown.edu/individual/bm8,1
http://vivo.brown.edu/individual/gbaird,1
http://vivo.brown.edu/individual/nbarnett,1
http://vivo.brown.edu/individual/lbrice,1
http://vivo.brown.edu/individual/bborrell,1
http://vivo.brown.edu/individual/atrivedi,1
http://vivo.brown.edu/individual/mjankowi,1
http://vivo.brown.edu/individual/syenphd,1
http://vivo.brown.edu/individual/sz2,1
http://vivo.brown.edu/individual/aspirito,1
http://vivo.brown.edu/individual/umende,1
http://vivo.brown.edu/individual/vmor,1
http://vivo.brown.edu/individual/vknopik,1
http://vivo.brown.edu/individual/jkurtis,1
http://vivo.brown.edu/individual/sopalmd,1
http://vivo.brown.edu/individual/lmermeld,1
http://vivo.brown.edu/individual/twray,1
http://vivo.brown.edu/individual/jaliotta,1
http://vivo.brown.edu/individual/pcioe,1
http://vivo.brown.edu/individual/akwaramd,1
http://vivo.brown.edu/individual/kdushay,1
http://vivo.brown.edu/individual/cmurator,1
http://vivo.brown.edu/individual/ogalarra,1
http://vivo.brown.edu/individual/kmsharke,1
http://vivo.brown.edu/individual/pgozalo,1
http://vivo.brown.edu/individual/gcarino,1
http://vivo.brown.edu/individual/jvandenb,1
http://vivo.brown.edu/individual/cventetu,1
http://vivo.brown.edu/individual/eoharrin,1
http://vivo.brown.edu/individual/blu,1
http://vivo.brown.edu/individual/bbockphd,1
http://vivo.brown.edu/individual/eloucks,1
http://vivo.brown.edu/individual/atuya,1
http://vivo.brown.edu/individual/jsedivy,1
http://vivo.brown.edu/individual/jklinger,1
http://vivo.brown.edu/individual/smossmd,1
http://vivo.brown.edu/individual/chai,1
http://vivo.brown.edu/individual/pkoo,1
http://vivo.brown.edu/individual/jgclarke,1
http://vivo.brown.edu/individual/alevinso,1
http://vivo.brown.edu/individual/agjelsvi,1
http://vivo.brown.edu/individual/wy10,2
http://vivo.brown.edu/individual/qchen3,2
http://vivo.brown.edu/individual/rterekmd,2
http://vivo.brown.edu/individual/lewei,2
http://vivo.brown.edu/individual/aolszews,3
http://vivo.brown.edu/individual/jreagan,3
http://vivo.brown.edu/individual/ewiner,3
http://vivo.brown.edu/individual/rbrownph,4
http://vivo.brown.edu/individual/emoitra,4
http://vivo.brown.edu/individual/msteinm,4
http://vivo.brown.edu/individual/rseiferp,5
http://vivo.brown.edu/individual/jmshapir,5
http://vivo.brown.edu/individual/clee12,6
http://vivo.brown.edu/individual/wcho,6
http://vivo.brown.edu/individual/skshaw,7
http://vivo.brown.edu/individual/ldworkin,7
http://vivo.brown.edu/individual/rgong,7
http://vivo.brown.edu/individual/swarrier,8
http://vivo.brown.edu/individual/jtaylorm,8
http://vivo.brown.edu/individual/srougas,8
